author_hash,source_type,age,sex_gender,location_country,location_state,confidence,evidence
,subreddit_post,,,,,low,Post content removed - no demographic information available to extract
,subreddit_post,,,,,low,Post body is [removed]; no demographic information available
,subreddit_post,,,,,low,Post body is [removed]; no demographic information available
,subreddit_post,,,,,low,Post body removed - no demographic information available
00c96a1e33683f1a0891167f14ed63877b45a81dbe8f3c1e05d69e70a149ac96,subreddit_post,,,,,low,No explicit demographic information stated in any post or comment
013fe625e81688b2fa97716209b03a63fd4b08b428bc14e9d74f4d1b00bcd4b3,subreddit_post,,,,,low,No explicit demographic information stated in post
0164c37ef93bed8538e025bf29777c502a48d1cf7fd3c4ab89320df58b8c9fed,subreddit_post,,,,,low,"No explicit demographic statements about age, sex/gender, or location found in the posts. Author identifies as a long hauler and uses 'I' pronouns but provides no direct demographic data."
0b282246ba17e92ee7a4e89c95753563b2718544cc446cf0f0744f6f1dba2104,subreddit_post,,,,,low,No demographic information stated directly by author about themselves
0d94552ca81feec84fea81f2b58554e074a3403d2483fb8f17998510848237be,subreddit_post,,,,,low,"Post body is [removed], no extractable demographic information available"
0da48d204e43a9fc71707cb2f6ad996b39c2e26e38c82827bbe4aa3090dbbf8d,subreddit_post,,,,,low,No explicit demographic statements found in post
0f1765430999e52a53e6780ed1f27c46ff3d0f69c4bbc986fcf977530e6b9692,subreddit_post,,,,,low,"No explicit demographic information stated about age, sex/gender, or location in this post"
11b0d1debeb8bc29131df4188cd59ba3e500831168bb5287e3c9c4245c8526a1,subreddit_post,,,,,low,"Author states 'I am disabled/CC myself' but provides no explicit age, gender, or location information about themselves."
1dbdb1d70cf95245c35561f4e69c6db8db5504bb11ab20d205d6ce14fd05bead,subreddit_post,,,,,low,No explicit demographic statements found in post
2129b7afb392b18cc02055e1ada2dc23d391815f3b91bdb01f337e28ecb6414f,subreddit_post,,,,,low,Post body is [removed]; no extractable demographic information available
283577109c092ecae29924c2ad37c6222607afafee5b58d9b9953558a7768c1a,subreddit_post,,,,,low,"No explicit demographic statements found in posts. References to personal health conditions and medications do not indicate age, gender, or location."
2e6b6555f1acc180d34c43cbc0931eb246ca007354345a0aa820808ad1b74205,subreddit_post,,,,,low,"No explicit age, sex/gender, or location statements found in the posts or comments provided."
2f7154320bb73bc30df5154814827f85a38350b1f4d226487c543115b4abee21,subreddit_post,,,,,low,No explicit demographic information stated in post or comments
2f9ddfa147cad10ba80b1adcec6b4c619c477307a9bb10e5fcb1f0d5d45d9ea6,subreddit_post,,male,,,medium,"Author refers to 'my wife' and uses male pronouns implicitly through context, though not explicitly stated"
2febc342a6bc1e5d3e6ff45cdebbf7139b98459055e10087bab96774f4f9cb15,subreddit_post,,,,,low,"No explicit age, gender, or location statements found in posts or comments"
3088ba6870b03f39993e521396d226cbabe9e9489143ba8fef3dd8be68057bfb,subreddit_post,,,,,low,Post body is [removed] - no demographic information available
31531afb4c5a4c151b08881d54dcd0822e411e1da3812d5db7b46b078630720d,subreddit_post,,,,,low,No explicit demographic statements found in the provided posts or comments
31531afb4c5a4c151b08881d54dcd0822e411e1da3812d5db7b46b078630720d,subreddit_post,,,,,low,"No explicit demographic information provided in post title, body, or author comment."
379cd79536ddfab630a8a95ba1dda172b539a096d5527cdf9fec3a8043452738,subreddit_post,,,,,low,Post is a news article link with no author demographic information provided in the post body
37d974da545f590355c2d5ef3322d30a8e2f3778560218f2a489ad948e1e8e88,subreddit_post,,,United Kingdom,,medium,NHS reference indicates UK healthcare system usage
43b5f11f655ad63b968dc58a073a89a1b5d15b1268d40a099eb797e1f2e5185a,subreddit_post,,,,,low,No explicit demographic statements found in the posts provided.
43b5f11f655ad63b968dc58a073a89a1b5d15b1268d40a099eb797e1f2e5185a,subreddit_post,,,,,low,"No explicit demographic statements about age, sex/gender, or location found in posts"
45cfb29b1e3dcd5d9894cce023e4bf8f90cc55a20cfad4133adb58a05e2b2dec,subreddit_post,,,,,low,No explicit demographic information provided in any of the posts
45dea8b4974e1ac6a7adeb976f60ea8ab6fddf3e9e13759c4ef5d7b053b90b57,subreddit_post,,,,,low,"No explicit age, gender, or location statements found in the provided posts."
47db8c64b9ecd9a4cf99c7cc8a1b058312d6f7af8a4796b82bb3b03c055af285,subreddit_post,,,,,low,"No explicit demographic statements about age, sex/gender, or location found in post."
4945f551d7ba3bc8ad8275f0e180ad16e51ce89f81ca4ed0d6f6e85b80055f25,subreddit_post,,,United States,,low,"College student at US school with disability center; no explicit age, gender, or state mentioned"
4945f551d7ba3bc8ad8275f0e180ad16e51ce89f81ca4ed0d6f6e85b80055f25,subreddit_post,,,,,low,"No explicit demographic statements about age, sex/gender, or location found in post"
496d762baa73589b17162ccfaced5a98142c376932d60dd12b7857f2f323ed0f,subreddit_post,,,,,low,No explicit demographic statements about the author found in the post
4bac9f9f20dd28986210fb1e78dff01532199f86fe45c173d2b8e87aa5b05bd5,subreddit_post,,,,,low,"Post content removed, no extractable demographic information available"
4d9f2d7f838e7ab232dd3cc1e81b6b452b3ef553d26147f7a68a0b6d9454459f,subreddit_post,,,,,low,"No explicit demographic statements found. Author discusses long COVID and research but does not state their own age, gender, or location."
515d549a195cda91cebdc3de0be8eba4a19b08de08ab8202591f4824664ed4e9,subreddit_post,,,,,low,Post discusses renting HBOT for 'my mother' but author does not state their own demographics
53e1f466520540694a59b7d1b4f0bd5fc94a9f1425c64f408ed4298738c644d1,subreddit_post,,,,,low,Post body removed - no extractable demographic information available
58b98399e0a98027368e0c93592302a2d9a56b95694f6dbd21d8ae184882bd36,subreddit_post,,,,,low,Author identifies as a frontline healthcare worker in community-based roles but provides no explicit demographic data about themselves
5e8537c01404b22e221e5c6660db7da9f32cc3ee151d2f0b700c6bc3efbf9c0c,subreddit_post,,,,,low,Post body removed; no extractable demographic information
5eb68911e3bc6ddfd4ae14bf07f36c3b01e5305d1082c5cb6f2d4b711d3ff9e7,subreddit_post,20,male,,,high,Post title states '20(M)'
5f6c51fcd4806d23259b6fc90fb5ff247845ff8ec53cc6ae616716ed041253e1,subreddit_post,,,,,low,"No explicit demographic information about age, sex/gender, or location found in any posts or comments."
60d73a01fe805fca6cc1f7f80164263f2d5d689223c9d1a300a31ef236b7f923,subreddit_post,,,,,low,No explicit demographic information provided in post
663a116df03af3ff506878e195b55dd23b5d5977571db1211742a84a0c1f3a1d,subreddit_post,,,,,low,No explicit demographic information provided in post
6670ccbf64070c0dea55a39fbaf5a9cf03b7b38242a80421ab9800f2987ba688,subreddit_post,19,male,,,high,Post title states '19M' explicitly identifying age and sex
68eed628aaf301c3892fad55e38e0f8b4ee2ce14411ff8546ae5533bbdd2c619,subreddit_post,,,,,low,No explicit demographic statements found in posts or comments
6cd402364f14ac941f7e8799b395f5bfc080f601841ecdc031403534b8501295,subreddit_post,,,,,low,"No explicit age, sex/gender, or location stated. Author mentions Chinese and Italian heritage but this does not indicate current location."
704f1a815ebea257ead31619756a1475a292bed79192bc8798036aa8241a5bea,subreddit_post,,,,,low,Author states 'not in US' but no specific country or other demographics explicitly stated
704f1a815ebea257ead31619756a1475a292bed79192bc8798036aa8241a5bea,subreddit_post,,,,,low,"No explicit demographic information stated about age, sex/gender, or location in this post"
709016969c26c00e24aae48d1ddb6676c916ca5cc6182af38fbed3081c6b69ce,subreddit_post,,,,,low,No explicit demographic information provided in any posts or comments.
70925b6b2c9f871bc360c0cc317e0c2be3a7e4d3c805c57407da0e5bc2303269,subreddit_post,,,,,low,"No direct demographic statements about the author found in the post. Author discusses clinical trial results but does not state personal age, gender, or location."
70ca5e0029f83e845f639d0257e70aeed3180f172faca101cad72b4db8375709,subreddit_post,26,male,United Kingdom,,high,"I (26M, UK) wanted to share my feelings with a sympathetic group"
7419b56317cc960ff7f441dcb2bfbd19b8865cb6245412d10949d78ce0f55ec1,subreddit_post,,female,,,low,"Title 'Long Covid Mums' suggests female author, but post body is removed so cannot verify directly"
744f9c6816b91c8b5f3612d28b241ffcd16a86da172e03ec8407c3e73f1e22b6,subreddit_post,,,,,low,No explicit demographic statements in the provided post. Only an emoji reaction without identifying information.
7c49759d8ae930bf352d1c9db70caa1c39e10682ea574879cbd57dfb57239dc8,subreddit_post,30,male,,,high,I was 28 years old... I basically feel like my whole body is shutting down at the age of 30
7ea42cc8bbf893a7d016af56a81d42ea11f37c16e0a7e47571823c7bf34261b0,subreddit_post,,,,,low,"No explicit age, sex/gender, or location stated. Author mentions 'my country' twice but does not name it."
7ea42cc8bbf893a7d016af56a81d42ea11f37c16e0a7e47571823c7bf34261b0,subreddit_post,,female,,,medium,"Author states 'My husband got it from work' indicating the author is married to a husband, suggesting female gender"
7f1769bada57bc39e2d59db694dcb6e1ea1533ab5b48b6a1c41f2f3d2785bbc1,subreddit_post,,,,,low,No explicit demographic statements found in posts
84997450a1b1fe195ae783bd12eed1f5ce1236ea708ea046b6fb15c79e4c6c49,subreddit_post,,,,,low,No explicit demographic statements found in posts or comments
86926fe7f7a0026b3ff4c51352d0cd7c4ce43122ab5d5fe79332d4030e7f0f55,subreddit_post,,,,,low,"No explicit demographic information about age, sex/gender, or location stated by the author in any of the posts or comments provided."
87931f6e46a357f8e1bd04394a76900b29e0808444bc9d85ddd592a8be6f124e,subreddit_post,,,,,low,"No explicit demographic information about age, sex/gender, or location stated by the author in this post."
87931f6e46a357f8e1bd04394a76900b29e0808444bc9d85ddd592a8be6f124e,subreddit_post,,,,,low,"No explicit demographic information stated about age, sex/gender, or location"
89ccd8983f9bef5fb1e60b84f55d528bf1a3ee6612699282ed9e4460bb0a1879,subreddit_post,,,,,low,"No explicit age, sex/gender, or location statements found in the post or comments"
8e8d908df8491704224a4d99faf0bd80de3b81d13e2a2e71419843e3d66de463,subreddit_post,,,,,low,No demographic information provided in post or comment
90c102b314baa54d79fa3827c2a08df15bbd466a31ce2d77b387aed2fe5a90bf,subreddit_post,,,,,low,"Post body is [removed], no demographic information available"
91de6d16461afbf39f7b0118f4d23b70dbf8e28c9cf694062265154d5a93e3b9,subreddit_post,,,,,low,Post body is [removed]; no demographic information available
92b348b0032c436613152ca0aff2397393ea85f3432fc8278812a18b2e41b232,subreddit_post,,,,,low,"No demographic information stated directly about age, sex/gender, or location in this post."
92b348b0032c436613152ca0aff2397393ea85f3432fc8278812a18b2e41b232,subreddit_post,,,,,low,"No explicit demographic information (age, sex/gender, or location) stated by the author in any of the provided posts or comments."
98fe18ffac9b55fccfed13ad884ca44f150732a4f31cfee21d41513da2771e97,subreddit_post,,,,,low,"No explicit demographic statements found in posts. Author mentions 'my sister' and doctor interactions but no direct self-identification of age, gender, or location."
9b47861b13973182316d7016adf85223a864e3a0aecf797e9699c84845538246,subreddit_post,,,Canada,,high,"Title asks about Edmonton area - Edmonton is in Alberta, Canada"
9cef961732e1b776a3d631fc5739a24f0416e33121e3cc0620a757dbf394fba0,subreddit_post,,,,,low,Post content removed by moderator; no demographic information available
a9941f8e5a0b340cad51f9d065c18c7e36d06e243f3a76737b9fcd5880a65dfb,subreddit_post,,,,,low,Post body is [removed]; no demographic information available
aa34c08b26b784cd0831c4f8000a937bb6333aff29d3c9b5fdc82a4fd0ae8f63,subreddit_post,,,United Kingdom,,high,I take antihistamines as it's tree pollen season here in UK
b07b8c5333bcb75468c9a96c1abe760509d87a3bebc082207968143557443419,subreddit_post,,,,,low,No explicit demographic information provided in post
b0b3deb024f0ee654adb82a5f5d2f77b8d90d67ffbda4da13af77350f229d481,subreddit_post,,,,,low,"Post contains no explicit demographic statements about the author's age, gender, or location."
b54064dff620f4c7fbfb716a5cc650407e23c01130d51d170eeb5106b4a7494c,subreddit_post,,,,,low,No explicit demographic information stated in post or comment
b74bbd45fbec04868571d8ba64e7bc24c43564317facb90d5d07753944895984,subreddit_post,,,,,low,"Post body is [removed], no demographic information available"
b98973e25799ba65bf4e489e8380d1284bbaa7141318825f1fb1c982efa83ccf,subreddit_post,,,,,low,"No explicit demographic information about age, sex/gender, or location stated by the author in this post."
bd0a710276e5d762d36f9460b633ecc5d944c3e93703534bea120dbd3459f0f0,subreddit_post,21,female,,,high,"21F, I got long Covid in 2021"
bd69ba4f0e96ba36f02a16a75a006e1ac318ba70fc3e0d3d2a1ae67a17c5700e,subreddit_post,,,,,low,"Post body is [removed], no demographic information available"
c20da8a3e1eab290d96ecbba9b9d780623eabf771132e58099815877913d8f64,subreddit_post,,,,,low,Post content was removed; no demographic information available
c87da214d46ae93e28d551be2a39433f8a7bb8f3dff8cc02546954fc0abb6f04,subreddit_post,,,,,low,No explicit demographic information stated about the author in this post
cad82e69b4036fe1b3bc9ad90b53b9fe331c7a550c2fb008a4597ad5d4b93ba7,subreddit_post,,,,,low,"Post body is [removed], no demographic information available"
cad82e69b4036fe1b3bc9ad90b53b9fe331c7a550c2fb008a4597ad5d4b93ba7,subreddit_post,,,,,low,"Post content marked [removed], no demographic information available"
cbca0eb5fd8887160a0d376561166b6f8bd509279854ffc9134e16a52315f9e3,subreddit_post,,,,,low,"No explicit demographic information stated about age, sex/gender, or location in this post"
d4508f6ddb804b0c2f9468812bd349aa5f81d11c654b2109ecf7f840e49a62d9,subreddit_post,,,,,low,No explicit demographic information stated in posts
d6d82e385ba34156f2f808bd244c07698c13428734f7a0ebc226b236deb8b2d2,subreddit_post,,,,,low,No explicit demographic statements found in post or comment
d6ef9f31ee12f4d3f4b5cd001ac93b2fa85cee774c855a0848ddbc96a7f0a6f4,subreddit_post,,male,,,medium,Author mentions 'my fiancé' and refers to themselves with male pronouns ('I don't remember if I lost morning erections'); stated 'I am not afraid' and 'My personality is the same'
db4b520ad5c1f3e4cfcdaa49782eb0117a94cf7f7b4c5a9025f1b59aabc9fbb3,subreddit_post,,,,,low,"No explicit demographic information stated about age, sex/gender, or location in the post."
db55200c5d2c17fef650a01fa21b062e231ef53818b6759f96409802ba195fe8,subreddit_post,,,,,low,"No explicit demographic information stated about age, sex/gender, or location"
dc35fcaf47b378743d91f792191a216567602d03a1b41bd23ca2519b2a059068,subreddit_post,,,Netherlands,,low,"Amazon.nl link (Dutch Amazon) suggests Netherlands location, but no explicit demographic statements"
dc5e3cdb964fe9a9f42feb381afcce91e9937f31457146d82dff5dbf01439ebf,subreddit_post,,,,,low,"Post body is [removed], no demographic information available"
e1ff8ea582a9b4b0fabf47d25827f0bbe3ce221afcca2201ee939ff82ccefe1a,subreddit_post,,,,,low,Post body is [removed]; no demographic information available
eb2b1dcea4f84a465f1dbcec934a6c06c1f54c28dc4e91d1c8b7ce4f446fee97,subreddit_post,,female,,,medium,"Author mentions PCOS (polycystic ovary syndrome), which is a condition affecting people with female reproductive systems; consistent use of 'I' and personal health context supports this identification"
ef0925a84150f6b7d85d19b0919fe56aba9d89f03168e8f440fbb40315e60195,subreddit_post,,,,,low,No explicit demographic information provided in posts
ef0925a84150f6b7d85d19b0919fe56aba9d89f03168e8f440fbb40315e60195,subreddit_post,,,,,low,No explicit demographic statements found in posts
f36fc2ba9b037badcfe9af058b3a997a5f780a284b3a5fd207e513a203a677c0,subreddit_post,,,,,low,No explicit demographic statements found in posts or comments
f421d00099adeeecaccc65524c201f9e548900874a1525d9a243d78c5f9a2c50,subreddit_post,,female,,,medium,Author states 'I keep telling my husband to put me in the nursing home' and 'When I was a human I used to be a Medicaid auditor'
f651b469a985a0654fb23a8a493b22c45b1be69dabfba90df9cde2fcf03780ed,subreddit_post,,,United States,,medium,Author states 'they actually only serve the US' in context of searching for medication
fab0e7c53a31d40d6db7cf9cf357c888391d62f36014a518463480d45ffbf859,subreddit_post,,,,,low,"No explicit demographic statements found. Post is written as a letter to self about long COVID experience but contains no direct age, gender, or location claims."
fd3955920bd01d78b6218e4e9ec2cff62d1584ef6130f93ebd8804dd7de6e1d1,subreddit_post,22,male,,,high,22M
fd84c99abf6c04e9ff8f132ec280f12748d1a3dbc2b6fffacbd13ad28a31a886,subreddit_post,,,,,low,"No explicit demographic statements about age, sex/gender, or location found in post."
00c96a1e33683f1a0891167f14ed63877b45a81dbe8f3c1e05d69e70a149ac96,user_history,,female,United States,,medium,DeadBedrooms post uses female pronouns and describes female perspective; mentions U.S. business operations and California; no explicit age stated
013fe625e81688b2fa97716209b03a63fd4b08b428bc14e9d74f4d1b00bcd4b3,user_history,,,,,low,"No explicit demographic statements found in any posts. Author asks questions about various topics but does not state age, gender, or location about themselves."
0164c37ef93bed8538e025bf29777c502a48d1cf7fd3c4ab89320df58b8c9fed,user_history,,male,,,high,I can still be a Present Father and Loving Husband; references to 'Wifey' and 'Kiddo'
0b282246ba17e92ee7a4e89c95753563b2718544cc446cf0f0744f6f1dba2104,user_history,25,male,United States,,high,I've (25M) been long hauling since my third dose of the Moderna vaccine in 2022
0d94552ca81feec84fea81f2b58554e074a3403d2483fb8f17998510848237be,user_history,,,,,low,Post contains no explicit demographic statements about the author
0da48d204e43a9fc71707cb2f6ad996b39c2e26e38c82827bbe4aa3090dbbf8d,user_history,,,,,low,"No explicit demographic statements found in any post. Author mentions long COVID symptoms and medical experiences but does not state age, gender, or location about themselves."
0f1765430999e52a53e6780ed1f27c46ff3d0f69c4bbc986fcf977530e6b9692,user_history,,,Canada,,medium,Multiple posts in r/vancouver and r/VancouverJobs subreddits; mentions 'Vancouver peeps' in vanhousing post
11b0d1debeb8bc29131df4188cd59ba3e500831168bb5287e3c9c4245c8526a1,user_history,,,France,,low,"Posts in r/paris asking about wheelchair access at La Defense Arena in Paris; uses French language ('Salut', 'Merci'); also posts about NYC film production suggesting possible travel/work in US"
1dbdb1d70cf95245c35561f4e69c6db8db5504bb11ab20d205d6ce14fd05bead,user_history,19,male,United States,Iowa,high,19 [M4R] Central Iowa - Stoner Vegan Pansexual looking for anything from FWB to LTR
2129b7afb392b18cc02055e1ada2dc23d391815f3b91bdb01f337e28ecb6414f,user_history,,,,,low,Post title and content do not contain explicit demographic statements about the author
283577109c092ecae29924c2ad37c6222607afafee5b58d9b9953558a7768c1a,user_history,,female,,,medium,Referred to as 'She called me while I was driving' in Yale acceptance post; multiple posts in r/WomensHealth discussing uterine fibroids and fertility concerns
2e6b6555f1acc180d34c43cbc0931eb246ca007354345a0aa820808ad1b74205,user_history,34,female,Sweden,,high,34 F (r/GetMotivatedBuddies); moved to Sweden (r/findapath); recently moved to Sweden (r/ADHD)
2f7154320bb73bc30df5154814827f85a38350b1f4d226487c543115b4abee21,user_history,27,female,,,high,I (27f) got diagnosed with pots now almost a year ago
2f9ddfa147cad10ba80b1adcec6b4c619c477307a9bb10e5fcb1f0d5d45d9ea6,user_history,,,,,low,"No explicit demographic statements about age, sex/gender, or location found in posts"
2febc342a6bc1e5d3e6ff45cdebbf7139b98459055e10087bab96774f4f9cb15,user_history,26,female,,,high,26f in relationship_advice post title; author describes herself as woman in long COVID posts
3088ba6870b03f39993e521396d226cbabe9e9489143ba8fef3dd8be68057bfb,user_history,20,,,,medium,"Im 20 years old now, it started all the way back at 14."
31531afb4c5a4c151b08881d54dcd0822e411e1da3812d5db7b46b078630720d,user_history,,,,,parse_error,"JSON parse error: Expecting ',' delimiter: line 7 column 31 (char 149) | raw: {
  ""age"": 27,
  ""sex_gender"": ""female"",
  ""location_country"": null,
  ""location"
379cd79536ddfab630a8a95ba1dda172b539a096d5527cdf9fec3a8043452738,user_history,,,United States,MN,medium,Sought second opinion from MCAS physician in MN; Dr. Shanda Dorff referenced as their doctor
37d974da545f590355c2d5ef3322d30a8e2f3778560218f2a489ad948e1e8e88,user_history,33,,United Kingdom,,high,I got LC for my 30th birthday and everything's been a mess since. it's been nearly 3 years since my life was ruined by long covid. References to NHS and British healthcare system.
43b5f11f655ad63b968dc58a073a89a1b5d15b1268d40a099eb797e1f2e5185a,user_history,17,female,,,high,(17F) from r/insaneparents post title
45cfb29b1e3dcd5d9894cce023e4bf8f90cc55a20cfad4133adb58a05e2b2dec,user_history,,female,United Kingdom,,medium,"References to '£500', '£270', '£340ish' currency; 'shit dog mum' and female self-identification; mentions of 'my country' with reference to UK government healthcare"
45dea8b4974e1ac6a7adeb976f60ea8ab6fddf3e9e13759c4ef5d7b053b90b57,user_history,,,United Kingdom,,high,"Multiple posts in UK-specific subreddits (r/SkincareAddictionUK, r/MakeUpAddictionUK, r/HouseplantsUK), mentioned 'Ireland' as running location, and post from 'derry~londonderry station, northern irel"
47db8c64b9ecd9a4cf99c7cc8a1b058312d6f7af8a4796b82bb3b03c055af285,user_history,,,,,low,No explicit demographic statements found in any of the six posts by this author.
4945f551d7ba3bc8ad8275f0e180ad16e51ce89f81ca4ed0d6f6e85b80055f25,user_history,,,United States,Minnesota,medium,Posts in r/uofmn (University of Minnesota) and mentions 'UofM Law School' and 'UMN' multiple times as their school
496d762baa73589b17162ccfaced5a98142c376932d60dd12b7857f2f323ed0f,user_history,,,,,low,"No explicit demographic statements found. Author discusses Sudan activism and technical security topics but does not state their own age, gender, or location."
4bac9f9f20dd28986210fb1e78dff01532199f86fe45c173d2b8e87aa5b05bd5,user_history,30,female,Italy,,high,"I'm in my early 30s; endometriosis diagnosis (female condition); In Italy, they abandoned me"
4d9f2d7f838e7ab232dd3cc1e81b6b452b3ef553d26147f7a68a0b6d9454459f,user_history,,male,United Kingdom,,medium,"Posts about 'my partner' in AskGirls, multiple posts from SW UK (South West), Reddit history focused on UK topics"
515d549a195cda91cebdc3de0be8eba4a19b08de08ab8202591f4824664ed4e9,user_history,35,male,United States,Florida,high,I'm 35 years old; acquaintance owner in south Florida; multiple posts from South Florida location
53e1f466520540694a59b7d1b4f0bd5fc94a9f1425c64f408ed4298738c644d1,user_history,,,,,low,No explicit demographic statements found in post title or visible content
58b98399e0a98027368e0c93592302a2d9a56b95694f6dbd21d8ae184882bd36,user_history,44,female,Canada,,high,I'm 44 female and an RN in Canada; Age/Sex: 44F
5e8537c01404b22e221e5c6660db7da9f32cc3ee151d2f0b700c6bc3efbf9c0c,user_history,,,,,low,No explicit demographic statements found in post title or visible content
5eb68911e3bc6ddfd4ae14bf07f36c3b01e5305d1082c5cb6f2d4b711d3ff9e7,user_history,20,male,,,high,20(M) and 20M stated in post titles and body text
5f6c51fcd4806d23259b6fc90fb5ff247845ff8ec53cc6ae616716ed041253e1,user_history,,,United States,,low,References to 'here' regarding wood fire cooking regulations and rain patterns; mentions 'I live in an area with a lot of rain'; no explicit age or gender stated
60d73a01fe805fca6cc1f7f80164263f2d5d689223c9d1a300a31ef236b7f923,user_history,,,,,low,"No explicit demographic statements found in any posts. Author mentions 'small height' and body image concerns, but these are not reliable demographic indicators."
663a116df03af3ff506878e195b55dd23b5d5977571db1211742a84a0c1f3a1d,user_history,,,,,low,"No explicit demographic statements found in any posts. Author discusses gaming, shows interest in varied topics, but provides no direct self-identification of age, gender, or location."
6670ccbf64070c0dea55a39fbaf5a9cf03b7b38242a80421ab9800f2987ba688,user_history,18,male,,,high,so I am a 18 year old M
68eed628aaf301c3892fad55e38e0f8b4ee2ce14411ff8546ae5533bbdd2c619,user_history,,female,United States,Midwest,medium,Refers to 'Hubby' (husband); mentions '(Midwest here.)' in post about local grocery stores
6cd402364f14ac941f7e8799b395f5bfc080f601841ecdc031403534b8501295,user_history,23,female,United States,California,high,Age: 'now I only weigh 100 lbs and I'm 23'. Sex/Gender: 'being a hysterical female' and menstrual cycle reference. Location: 'SoCal area' in TMJ post title.
704f1a815ebea257ead31619756a1475a292bed79192bc8798036aa8241a5bea,user_history,,female,,,medium,Self-describes as 'a small young woman' and uses female pronouns throughout; appears to be younger than neighbor in 40s
709016969c26c00e24aae48d1ddb6676c916ca5cc6182af38fbed3081c6b69ce,user_history,40,male,United States,OR,high,Mid-40s. Dude/male. Pacific Northwest. Posts in r/beaverton and r/oregon subreddits.
70925b6b2c9f871bc360c0cc317e0c2be3a7e4d3c805c57407da0e5bc2303269,user_history,32,female,United States,NC,high,I am a 32 year old female... I'm in NC.
70ca5e0029f83e845f639d0257e70aeed3180f172faca101cad72b4db8375709,user_history,26,male,United Kingdom,,high,"I (26M, UK) in second post; earlier post states 25M in April 2025, consistent with age progression to 26M by December 2025"
7419b56317cc960ff7f441dcb2bfbd19b8865cb6245412d10949d78ce0f55ec1,user_history,,female,,,medium,"Title references 'Long Covid Mums' and author discusses being a mother with long COVID, indicating female gender"
744f9c6816b91c8b5f3612d28b241ffcd16a86da172e03ec8407c3e73f1e22b6,user_history,27,male,Zambia,,high,27M - explicit statement in r/cfs post about dreams. Location: 'I am a long covid patient in Zambia' and multiple r/Zambia posts.
7c49759d8ae930bf352d1c9db70caa1c39e10682ea574879cbd57dfb57239dc8,user_history,30,male,,,high,I'm 30 years old stated consistently across multiple posts
7ea42cc8bbf893a7d016af56a81d42ea11f37c16e0a7e47571823c7bf34261b0,user_history,35,female,,,high,I am 35 and struggle every day. My stepfather tried to rape me. - indicates female victim of attempted sexual assault
7f1769bada57bc39e2d59db694dcb6e1ea1533ab5b48b6a1c41f2f3d2785bbc1,user_history,,,,,low,"No explicit demographic statements found. Author discusses POTS diagnosis from April 2023 and multiple COVID infections, but does not state age, gender, or location directly."
84997450a1b1fe195ae783bd12eed1f5ce1236ea708ea046b6fb15c79e4c6c49,user_history,,,,,parse_error,"JSON parse error: Expecting ',' delimiter: line 7 column 35 (char 157) | raw: {
  ""age"": 22,
  ""sex_gender"": ""female"",
  ""location_country"": ""Canada"",
  ""loca"
86926fe7f7a0026b3ff4c51352d0cd7c4ce43122ab5d5fe79332d4030e7f0f55,user_history,,,,,parse_error,"JSON parse error: Expecting ',' delimiter: line 7 column 29 (char 161) | raw: {
  ""age"": 20,
  ""sex_gender"": ""male"",
  ""location_country"": ""United States"",
  "
87931f6e46a357f8e1bd04394a76900b29e0808444bc9d85ddd592a8be6f124e,user_history,,male,,,medium,Multiple posts in r/askgaybros and r/gay discussing sexual encounters with men; consistent male perspective throughout posts
89ccd8983f9bef5fb1e60b84f55d528bf1a3ee6612699282ed9e4460bb0a1879,user_history,,,Germany,,medium,I'm in Germany so i couldnt find laboratory or doc who doesn't look at me like on crazy.
8e8d908df8491704224a4d99faf0bd80de3b81d13e2a2e71419843e3d66de463,user_history,49,male,,,high,"""as a 49 yr old"" and ""my wife"" (male pronouns throughout, married to wife)"
90c102b314baa54d79fa3827c2a08df15bbd466a31ce2d77b387aed2fe5a90bf,user_history,,,,,low,Post title and content do not contain explicit demographic statements about the author.
91de6d16461afbf39f7b0118f4d23b70dbf8e28c9cf694062265154d5a93e3b9,user_history,35,male,,,high,I am 35; Male question about privates (post title)
92b348b0032c436613152ca0aff2397393ea85f3432fc8278812a18b2e41b232,user_history,30,male,United States,MT,high,Age: 'Male. 30s' from AskDocs post. Sex/Gender: 'Male' from AskDocs post and multiple gay subreddit posts. Location: Multiple posts in r/Bozeman subreddit asking about long COVID and local activities 
98fe18ffac9b55fccfed13ad884ca44f150732a4f31cfee21d41513da2771e97,user_history,23,male,,,high,"21M in first post, 23M in later travel post from same author with consistent interests (movies, filmmaking, sneakers, music)"
9b47861b13973182316d7016adf85223a864e3a0aecf797e9699c84845538246,user_history,,,Canada,,medium,Reference link to 'canada.ca' vaccine component page in post about Pfizer vaccine taken in Canada
9cef961732e1b776a3d631fc5739a24f0416e33121e3cc0620a757dbf394fba0,user_history,23,female,,,high,'23F' in post titles r/relationship_advice. Consistent age across multiple posts.
a9941f8e5a0b340cad51f9d065c18c7e36d06e243f3a76737b9fcd5880a65dfb,user_history,,,Brazil,,low,"Posts written entirely in Portuguese with Portuguese spelling ('estou' instead of 'estoy'), strongly suggests Brazilian author, but no explicit location statement"
aa34c08b26b784cd0831c4f8000a937bb6333aff29d3c9b5fdc82a4fd0ae8f63,user_history,,,United Kingdom,,medium,benzos are hard to get here in UK
b07b8c5333bcb75468c9a96c1abe760509d87a3bebc082207968143557443419,user_history,28,non-binary,United States,OR,high,"28NB LF Oregon peoples, nonbinary, Oregon location confirmed in multiple posts"
b0b3deb024f0ee654adb82a5f5d2f77b8d90d67ffbda4da13af77350f229d481,user_history,,,,,low,No explicit demographic statements found in posts
b54064dff620f4c7fbfb716a5cc650407e23c01130d51d170eeb5106b4a7494c,user_history,24,female,,,high,"Explicit statements: 'Despite being 23 years old' in one post, 'Is it bad that I still look like a teenager at 24' in another. Posts in r/blackgirls and r/Blackskincare confirm female identity."
b74bbd45fbec04868571d8ba64e7bc24c43564317facb90d5d07753944895984,user_history,,,,,low,No explicit demographic information stated in post
b98973e25799ba65bf4e489e8380d1284bbaa7141318825f1fb1c982efa83ccf,user_history,29,male,,,high,Me (29M) wondering if I'm overthinking a lot in my relationship with my GF (28F)
bd0a710276e5d762d36f9460b633ecc5d944c3e93703534bea120dbd3459f0f0,user_history,,female,,,medium,"References to periods, menstrual cycle, ovulating, and hormonal changes (estrogen/progesterone); uses 'Mum' (British English); refers to self as 'wimp' and feminine self-descriptors"
bd69ba4f0e96ba36f02a16a75a006e1ac318ba70fc3e0d3d2a1ae67a17c5700e,user_history,,,,,low,"Posts contain no explicit demographic statements about age, sex/gender, or location. Content focuses on print-on-demand business and heart symptoms but author does not self-identify demographically."
c20da8a3e1eab290d96ecbba9b9d780623eabf771132e58099815877913d8f64,user_history,,female,China,,low,"Chinese-language posts and reference to '姐姐' (sister) in one anecdote suggest female author, but no explicit demographic statements"
c87da214d46ae93e28d551be2a39433f8a7bb8f3dff8cc02546954fc0abb6f04,user_history,,,United States,TX,medium,"Multiple posts in r/Dallas subreddit (stairs, nonpareils, Cigna insurance, meal kits); also r/texas post about Cigna coverage"
cad82e69b4036fe1b3bc9ad90b53b9fe331c7a550c2fb008a4597ad5d4b93ba7,user_history,20,male,,,high,"20 years old, 178cm/5 10, 83kg/182pounds, i maintain a healty bf around 13-14bf, male"
cbca0eb5fd8887160a0d376561166b6f8bd509279854ffc9134e16a52315f9e3,user_history,,female,Poland,,high,"Author states 'my boyfriend was babysitting me' (female); asks 'Polish folks, are you here?' and mentions ZUS (Polish benefits system), indicating Poland as location"
d4508f6ddb804b0c2f9468812bd349aa5f81d11c654b2109ecf7f840e49a62d9,user_history,24,,Germany,,high,Now am 24 turning 25. I am a German university student. Posts in r/Braunschweig (German city)
d6d82e385ba34156f2f808bd244c07698c13428734f7a0ebc226b236deb8b2d2,user_history,,,United States,Kentucky,medium,Multiple posts reference 'Western KY' as author's location for birding observations
d6ef9f31ee12f4d3f4b5cd001ac93b2fa85cee774c855a0848ddbc96a7f0a6f4,user_history,,,Germany,,medium,States 'Great news from my home country Germany!' in post about BC 007 treatment
db4b520ad5c1f3e4cfcdaa49782eb0117a94cf7f7b4c5a9025f1b59aabc9fbb3,user_history,20,,Netherlands,,high,Age: 'the only doctor I've mentioned this too insists that I'm too young(20)'. Location: 'cold environment(Netherlands)' and 'Weirdly enough I somehow think this has something to do with the cold envi
db55200c5d2c17fef650a01fa21b062e231ef53818b6759f96409802ba195fe8,user_history,,,United States,CA,high,Bakersfield C.A. mentioned in r/infuriatingasfuck post
dc35fcaf47b378743d91f792191a216567602d03a1b41bd23ca2519b2a059068,user_history,,male,Netherlands,,medium,"Links to Dutch websites (drogist.nl, amazon.nl); 'I have to deal with family life and kids'"
dc5e3cdb964fe9a9f42feb381afcce91e9937f31457146d82dff5dbf01439ebf,user_history,,,,,parse_error,"JSON parse error: Expecting ',' delimiter: line 7 column 36 (char 156) | raw: {
  ""age"": 48,
  ""sex_gender"": ""male"",
  ""location_country"": ""France"",
  ""locati"
e1ff8ea582a9b4b0fabf47d25827f0bbe3ce221afcca2201ee939ff82ccefe1a,user_history,30,male,Germany,,high,"Im 30 M, symptoms and complications since Dec. 2023. Im from Germany."
eb2b1dcea4f84a465f1dbcec934a6c06c1f54c28dc4e91d1c8b7ce4f446fee97,user_history,,female,,,high,"References to 'yeast infections', 'lean PCOSer', and menstrual cycle ('luteal phase')"
ef0925a84150f6b7d85d19b0919fe56aba9d89f03168e8f440fbb40315e60195,user_history,,,,,low,"Author states '6'4' height multiple times and male pronouns used by others in replies, but author never explicitly states age, gender, or location"
f36fc2ba9b037badcfe9af058b3a997a5f780a284b3a5fd207e513a203a677c0,user_history,,,United States,NC,medium,Found salamander 'near the western border of NC' and frog 'in North Carolina near the Smoky Mountains'
f421d00099adeeecaccc65524c201f9e548900874a1525d9a243d78c5f9a2c50,user_history,,,,,low,"No explicit age, sex/gender, or location stated in any of the posts"
f651b469a985a0654fb23a8a493b22c45b1be69dabfba90df9cde2fcf03780ed,user_history,,non-binary,,,medium,In r/NonBinary post: 'I feel like a woman but I hate being seen as a woman' and 'I still identify as a woman' but also describes not recognizing self in 'woman' category and seeking help to 'imagine s
fab0e7c53a31d40d6db7cf9cf357c888391d62f36014a518463480d45ffbf859,user_history,31,male,,,high,31 m (from post title) and 'Acute infection 24 months ago' with 'I'm 24 months into this'
fd3955920bd01d78b6218e4e9ec2cff62d1584ef6130f93ebd8804dd7de6e1d1,user_history,22,male,,,high,22M from r/covidlonghaulers post; also '21 y/o M' from r/Mononucleosis post (different time period)
fd84c99abf6c04e9ff8f132ec280f12748d1a3dbc2b6fffacbd13ad28a31a886,user_history,,,,,low,"Author mentions being in Plat rank and climbing to 2971sr, but no explicit demographic statements found in posts."
