author_hash,post_id,source_type,pipeline_age,pipeline_sex,pipeline_loc_country,pipeline_loc_state,llm_post_age,llm_post_sex,llm_post_loc_country,llm_post_loc_state,llm_post_confidence,llm_post_evidence,llm_user_age,llm_user_sex,llm_user_loc_country,llm_user_loc_state,llm_user_confidence,llm_user_evidence,age_pipe_vs_llmpost,sex_pipe_vs_llmpost,loc_pipe_vs_llmpost,age_pipe_vs_llmuser,sex_pipe_vs_llmuser,loc_pipe_vs_llmuser,age_llmpost_vs_llmuser,sex_llmpost_vs_llmuser,loc_llmpost_vs_llmuser
dc5e3cdb964fe9a9f42feb381afcce91e9937f31457146d82dff5dbf01439ebf,t3_1saetoz,subreddit_post,,,,,,,,,low,"Post body is [removed], no demographic information available",,,,,parse_error,"JSON parse error: Expecting ',' delimiter: line 7 column 36 (char 156) | raw: {
  ""age"": 48,
  ""sex_gender"": ""male"",
  ""location_country"": ""France"",
  ""locati",both_empty,both_empty,both_empty,both_empty,both_empty,both_empty,both_empty,both_empty,both_empty
98fe18ffac9b55fccfed13ad884ca44f150732a4f31cfee21d41513da2771e97,t3_1safzdu,subreddit_post,,,,,,,,,low,"No explicit demographic statements found in posts. Author mentions 'my sister' and doctor interactions but no direct self-identification of age, gender, or location.",23,male,,,high,"21M in first post, 23M in later travel post from same author with consistent interests (movies, filmmaking, sneakers, music)",both_empty,both_empty,both_empty,llm_only,llm_only,both_empty,llm_only,llm_only,both_empty
47db8c64b9ecd9a4cf99c7cc8a1b058312d6f7af8a4796b82bb3b03c055af285,t3_1sag6t4,subreddit_post,41 | 57 | 61,,uk | canada,,,,,,low,"No explicit demographic statements about age, sex/gender, or location found in post.",,,,,low,No explicit demographic statements found in any of the six posts by this author.,pipeline_only,both_empty,pipeline_only,pipeline_only,both_empty,pipeline_only,both_empty,both_empty,both_empty
cad82e69b4036fe1b3bc9ad90b53b9fe331c7a550c2fb008a4597ad5d4b93ba7,t3_1sagzm7,subreddit_post,,,,,,,,,low,"Post body is [removed], no demographic information available",20,male,,,high,"20 years old, 178cm/5 10, 83kg/182pounds, i maintain a healty bf around 13-14bf, male",both_empty,both_empty,both_empty,llm_only,llm_only,both_empty,llm_only,llm_only,both_empty
c87da214d46ae93e28d551be2a39433f8a7bb8f3dff8cc02546954fc0abb6f04,t3_1sahlhc,subreddit_post,,,United States,,,,,,low,No explicit demographic information stated about the author in this post,,,United States,TX,medium,"Multiple posts in r/Dallas subreddit (stairs, nonpareils, Cigna insurance, meal kits); also r/texas post about Cigna coverage",both_empty,both_empty,pipeline_only,both_empty,both_empty,agree,both_empty,both_empty,llm_only
70ca5e0029f83e845f639d0257e70aeed3180f172faca101cad72b4db8375709,t3_1saitle,subreddit_post,26,26m,uk | germany,,26,male,United Kingdom,,high,"I (26M, UK) wanted to share my feelings with a sympathetic group",26,male,United Kingdom,,high,"I (26M, UK) in second post; earlier post states 25M in April 2025, consistent with age progression to 26M by December 2025",agree,disagree,disagree,agree,disagree,disagree,agree,agree,agree
37d974da545f590355c2d5ef3322d30a8e2f3778560218f2a489ad948e1e8e88,t3_1sal2jj,subreddit_post,,,United Kingdom (NHS mentioned) | United States,,,,United Kingdom,,medium,NHS reference indicates UK healthcare system usage,33,,United Kingdom,,high,I got LC for my 30th birthday and everything's been a mess since. it's been nearly 3 years since my life was ruined by long covid. References to NHS and British healthcare system.,both_empty,both_empty,disagree,llm_only,both_empty,disagree,llm_only,both_empty,agree
aa34c08b26b784cd0831c4f8000a937bb6333aff29d3c9b5fdc82a4fd0ae8f63,t3_1salclq,subreddit_post,,,uk,,,,United Kingdom,,high,I take antihistamines as it's tree pollen season here in UK,,,United Kingdom,,medium,benzos are hard to get here in UK,both_empty,both_empty,disagree,both_empty,both_empty,disagree,both_empty,both_empty,agree
2e6b6555f1acc180d34c43cbc0931eb246ca007354345a0aa820808ad1b74205,t3_1sanljb,subreddit_post,,,,,,,,,low,"No explicit age, sex/gender, or location statements found in the posts or comments provided.",34,female,Sweden,,high,34 F (r/GetMotivatedBuddies); moved to Sweden (r/findapath); recently moved to Sweden (r/ADHD),both_empty,both_empty,both_empty,llm_only,llm_only,llm_only,llm_only,llm_only,llm_only
9cef961732e1b776a3d631fc5739a24f0416e33121e3cc0620a757dbf394fba0,t3_1saqcv1,subreddit_post,,,,,,,,,low,Post content removed by moderator; no demographic information available,23,female,,,high,'23F' in post titles r/relationship_advice. Consistent age across multiple posts.,both_empty,both_empty,both_empty,llm_only,llm_only,both_empty,llm_only,llm_only,both_empty
,t3_1saqvys,subreddit_post,,,,,,,,,,,,,,,,,both_empty,both_empty,both_empty,both_empty,both_empty,both_empty,both_empty,both_empty,both_empty
87931f6e46a357f8e1bd04394a76900b29e0808444bc9d85ddd592a8be6f124e,t3_1sarkrl,subreddit_post,,,,,,,,,low,"No explicit demographic information about age, sex/gender, or location stated by the author in this post.",,male,,,medium,Multiple posts in r/askgaybros and r/gay discussing sexual encounters with men; consistent male perspective throughout posts,both_empty,both_empty,both_empty,both_empty,llm_only,both_empty,both_empty,llm_only,both_empty
4bac9f9f20dd28986210fb1e78dff01532199f86fe45c173d2b8e87aa5b05bd5,t3_1saspvk,subreddit_post,,,,,,,,,low,"Post content removed, no extractable demographic information available",30,female,Italy,,high,"I'm in my early 30s; endometriosis diagnosis (female condition); In Italy, they abandoned me",both_empty,both_empty,both_empty,llm_only,llm_only,llm_only,llm_only,llm_only,llm_only
2febc342a6bc1e5d3e6ff45cdebbf7139b98459055e10087bab96774f4f9cb15,t3_1sau9ay,subreddit_post,,,,,,,,,low,"No explicit age, gender, or location statements found in posts or comments",26,female,,,high,26f in relationship_advice post title; author describes herself as woman in long COVID posts,both_empty,both_empty,both_empty,llm_only,llm_only,both_empty,llm_only,llm_only,both_empty
f651b469a985a0654fb23a8a493b22c45b1be69dabfba90df9cde2fcf03780ed,t3_1saufwm,subreddit_post,,,india,,,,United States,,medium,Author states 'they actually only serve the US' in context of searching for medication,,non-binary,,,medium,In r/NonBinary post: 'I feel like a woman but I hate being seen as a woman' and 'I still identify as a woman' but also describes not recognizing self in 'woman' category and seeking help to 'imagine s,both_empty,both_empty,disagree,both_empty,llm_only,pipeline_only,both_empty,llm_only,pipeline_only
d6ef9f31ee12f4d3f4b5cd001ac93b2fa85cee774c855a0848ddbc96a7f0a6f4,t3_1sav8bh,subreddit_post,,"male (fiancé mentioned, uses he/him pronouns implicitly)",,in me,,male,,,medium,Author mentions 'my fiancé' and refers to themselves with male pronouns ('I don't remember if I lost morning erections'); stated 'I am not afraid' and 'My personality is the same',,,Germany,,medium,States 'Great news from my home country Germany!' in post about BC 007 treatment,both_empty,disagree,both_empty,both_empty,pipeline_only,llm_only,both_empty,pipeline_only,llm_only
bd69ba4f0e96ba36f02a16a75a006e1ac318ba70fc3e0d3d2a1ae67a17c5700e,t3_1savpkt,subreddit_post,,,,,,,,,low,"Post body is [removed], no demographic information available",,,,,low,"Posts contain no explicit demographic statements about age, sex/gender, or location. Content focuses on print-on-demand business and heart symptoms but author does not self-identify demographically.",both_empty,both_empty,both_empty,both_empty,both_empty,both_empty,both_empty,both_empty,both_empty
6cd402364f14ac941f7e8799b395f5bfc080f601841ecdc031403534b8501295,t3_1saxfof,subreddit_post,,,,,,,,,low,"No explicit age, sex/gender, or location stated. Author mentions Chinese and Italian heritage but this does not indicate current location.",23,female,United States,California,high,Age: 'now I only weigh 100 lbs and I'm 23'. Sex/Gender: 'being a hysterical female' and menstrual cycle reference. Location: 'SoCal area' in TMJ post title.,both_empty,both_empty,both_empty,llm_only,llm_only,llm_only,llm_only,llm_only,llm_only
515d549a195cda91cebdc3de0be8eba4a19b08de08ab8202591f4824664ed4e9,t3_1saz68m,subreddit_post,,,,,,,,,low,Post discusses renting HBOT for 'my mother' but author does not state their own demographics,35,male,United States,Florida,high,I'm 35 years old; acquaintance owner in south Florida; multiple posts from South Florida location,both_empty,both_empty,both_empty,llm_only,llm_only,llm_only,llm_only,llm_only,llm_only
58b98399e0a98027368e0c93592302a2d9a56b95694f6dbd21d8ae184882bd36,t3_1sazltz,subreddit_post,,,,,,,,,low,Author identifies as a frontline healthcare worker in community-based roles but provides no explicit demographic data about themselves,44,female,Canada,,high,I'm 44 female and an RN in Canada; Age/Sex: 44F,both_empty,both_empty,both_empty,llm_only,llm_only,llm_only,llm_only,llm_only,llm_only
7c49759d8ae930bf352d1c9db70caa1c39e10682ea574879cbd57dfb57239dc8,t3_1sazrsl,subreddit_post,30,male,,,30,male,,,high,I was 28 years old... I basically feel like my whole body is shutting down at the age of 30,30,male,,,high,I'm 30 years old stated consistently across multiple posts,agree,agree,both_empty,agree,agree,both_empty,agree,agree,both_empty
8e8d908df8491704224a4d99faf0bd80de3b81d13e2a2e71419843e3d66de463,t3_1sb0d5c,subreddit_post,,,,,,,,,low,No demographic information provided in post or comment,49,male,,,high,"""as a 49 yr old"" and ""my wife"" (male pronouns throughout, married to wife)",both_empty,both_empty,both_empty,llm_only,llm_only,both_empty,llm_only,llm_only,both_empty
7ea42cc8bbf893a7d016af56a81d42ea11f37c16e0a7e47571823c7bf34261b0,t3_1sb0v17,subreddit_post,,female,,,,female,,,low,"No explicit age, sex/gender, or location stated. Author mentions 'my country' twice but does not name it.",35,female,,,high,I am 35 and struggle every day. My stepfather tried to rape me. - indicates female victim of attempted sexual assault,both_empty,agree,both_empty,llm_only,agree,both_empty,llm_only,agree,both_empty
86926fe7f7a0026b3ff4c51352d0cd7c4ce43122ab5d5fe79332d4030e7f0f55,t3_1sb182h,subreddit_post,,,,,,,,,low,"No explicit demographic information about age, sex/gender, or location stated by the author in any of the posts or comments provided.",,,,,parse_error,"JSON parse error: Expecting ',' delimiter: line 7 column 29 (char 161) | raw: {
  ""age"": 20,
  ""sex_gender"": ""male"",
  ""location_country"": ""United States"",
  ",both_empty,both_empty,both_empty,both_empty,both_empty,both_empty,both_empty,both_empty,both_empty
90c102b314baa54d79fa3827c2a08df15bbd466a31ce2d77b387aed2fe5a90bf,t3_1sb3ppz,subreddit_post,,,,,,,,,low,"Post body is [removed], no demographic information available",,,,,low,Post title and content do not contain explicit demographic statements about the author.,both_empty,both_empty,both_empty,both_empty,both_empty,both_empty,both_empty,both_empty,both_empty
f421d00099adeeecaccc65524c201f9e548900874a1525d9a243d78c5f9a2c50,t3_1sb4jyz,subreddit_post,,,,,,female,,,medium,Author states 'I keep telling my husband to put me in the nursing home' and 'When I was a human I used to be a Medicaid auditor',,,,,low,"No explicit age, sex/gender, or location stated in any of the posts",both_empty,llm_only,both_empty,both_empty,both_empty,both_empty,both_empty,pipeline_only,both_empty
9b47861b13973182316d7016adf85223a864e3a0aecf797e9699c84845538246,t3_1sb5hf1,subreddit_post,,,Canada,,,,Canada,,high,"Title asks about Edmonton area - Edmonton is in Alberta, Canada",,,Canada,,medium,Reference link to 'canada.ca' vaccine component page in post about Pfizer vaccine taken in Canada,both_empty,both_empty,agree,both_empty,both_empty,agree,both_empty,both_empty,agree
744f9c6816b91c8b5f3612d28b241ffcd16a86da172e03ec8407c3e73f1e22b6,t3_1sb60hw,subreddit_post,,,,,,,,,low,No explicit demographic statements in the provided post. Only an emoji reaction without identifying information.,27,male,Zambia,,high,27M - explicit statement in r/cfs post about dreams. Location: 'I am a long covid patient in Zambia' and multiple r/Zambia posts.,both_empty,both_empty,both_empty,llm_only,llm_only,llm_only,llm_only,llm_only,llm_only
,t3_1sb68gi,subreddit_post,,,,,,,,,,,,,,,,,both_empty,both_empty,both_empty,both_empty,both_empty,both_empty,both_empty,both_empty,both_empty
c20da8a3e1eab290d96ecbba9b9d780623eabf771132e58099815877913d8f64,t3_1sb7d5q,subreddit_post,,,,,,,,,low,Post content was removed; no demographic information available,,female,China,,low,"Chinese-language posts and reference to '姐姐' (sister) in one anecdote suggest female author, but no explicit demographic statements",both_empty,both_empty,both_empty,both_empty,llm_only,llm_only,both_empty,llm_only,llm_only
92b348b0032c436613152ca0aff2397393ea85f3432fc8278812a18b2e41b232,t3_1sb7du1,subreddit_post,,,germany | canada,texas,,,,,low,"No demographic information stated directly about age, sex/gender, or location in this post.",30,male,United States,MT,high,Age: 'Male. 30s' from AskDocs post. Sex/Gender: 'Male' from AskDocs post and multiple gay subreddit posts. Location: Multiple posts in r/Bozeman subreddit asking about long COVID and local activities ,both_empty,both_empty,pipeline_only,llm_only,llm_only,disagree,llm_only,llm_only,llm_only
cad82e69b4036fe1b3bc9ad90b53b9fe331c7a550c2fb008a4597ad5d4b93ba7,t3_1sb8uoa,subreddit_post,,,,,,,,,low,"Post body is [removed], no demographic information available",20,male,,,high,"20 years old, 178cm/5 10, 83kg/182pounds, i maintain a healty bf around 13-14bf, male",both_empty,both_empty,both_empty,llm_only,llm_only,both_empty,llm_only,llm_only,both_empty
,t3_1sb8ygt,subreddit_post,,,,,,,,,,,,,,,,,both_empty,both_empty,both_empty,both_empty,both_empty,both_empty,both_empty,both_empty,both_empty
3088ba6870b03f39993e521396d226cbabe9e9489143ba8fef3dd8be68057bfb,t3_1sb914s,subreddit_post,,,,,,,,,low,Post body is [removed] - no demographic information available,20,,,,medium,"Im 20 years old now, it started all the way back at 14.",both_empty,both_empty,both_empty,llm_only,both_empty,both_empty,llm_only,both_empty,both_empty
5eb68911e3bc6ddfd4ae14bf07f36c3b01e5305d1082c5cb6f2d4b711d3ff9e7,t3_1sb92xu,subreddit_post,20,male,,,20,male,,,high,Post title states '20(M)',20,male,,,high,20(M) and 20M stated in post titles and body text,agree,agree,both_empty,agree,agree,both_empty,agree,agree,both_empty
,t3_1sb93kk,subreddit_post,,,,,,,,,,,,,,,,,both_empty,both_empty,both_empty,both_empty,both_empty,both_empty,both_empty,both_empty,both_empty
43b5f11f655ad63b968dc58a073a89a1b5d15b1268d40a099eb797e1f2e5185a,t3_1sb94kc,subreddit_post,,,United States,,,,,,low,No explicit demographic statements found in the posts provided.,17,female,,,high,(17F) from r/insaneparents post title,both_empty,both_empty,pipeline_only,llm_only,llm_only,pipeline_only,llm_only,llm_only,both_empty
fd84c99abf6c04e9ff8f132ec280f12748d1a3dbc2b6fffacbd13ad28a31a886,t3_1sb9ads,subreddit_post,,,,utah,,,,,low,"No explicit demographic statements about age, sex/gender, or location found in post.",,,,,low,"Author mentions being in Plat rank and climbing to 2971sr, but no explicit demographic statements found in posts.",both_empty,both_empty,both_empty,both_empty,both_empty,both_empty,both_empty,both_empty,both_empty
2f7154320bb73bc30df5154814827f85a38350b1f4d226487c543115b4abee21,t3_1sbazon,subreddit_post,,,,,,,,,low,No explicit demographic information stated in post or comments,27,female,,,high,I (27f) got diagnosed with pots now almost a year ago,both_empty,both_empty,both_empty,llm_only,llm_only,both_empty,llm_only,llm_only,both_empty
6670ccbf64070c0dea55a39fbaf5a9cf03b7b38242a80421ab9800f2987ba688,t3_1sbb6is,subreddit_post,19,19m,,,19,male,,,high,Post title states '19M' explicitly identifying age and sex,18,male,,,high,so I am a 18 year old M,agree,disagree,both_empty,disagree,disagree,both_empty,disagree,agree,both_empty
31531afb4c5a4c151b08881d54dcd0822e411e1da3812d5db7b46b078630720d,t3_1sbdyh4,subreddit_post,,,,,,,,,low,No explicit demographic statements found in the provided posts or comments,,,,,parse_error,"JSON parse error: Expecting ',' delimiter: line 7 column 31 (char 149) | raw: {
  ""age"": 27,
  ""sex_gender"": ""female"",
  ""location_country"": null,
  ""location",both_empty,both_empty,both_empty,both_empty,both_empty,both_empty,both_empty,both_empty,both_empty
31531afb4c5a4c151b08881d54dcd0822e411e1da3812d5db7b46b078630720d,t3_1sbdywm,subreddit_post,,,,,,,,,low,No explicit demographic statements found in the provided posts or comments,,,,,parse_error,"JSON parse error: Expecting ',' delimiter: line 7 column 31 (char 149) | raw: {
  ""age"": 27,
  ""sex_gender"": ""female"",
  ""location_country"": null,
  ""location",both_empty,both_empty,both_empty,both_empty,both_empty,both_empty,both_empty,both_empty,both_empty
91de6d16461afbf39f7b0118f4d23b70dbf8e28c9cf694062265154d5a93e3b9,t3_1sbeb2s,subreddit_post,,,,,,,,,low,Post body is [removed]; no demographic information available,35,male,,,high,I am 35; Male question about privates (post title),both_empty,both_empty,both_empty,llm_only,llm_only,both_empty,llm_only,llm_only,both_empty
89ccd8983f9bef5fb1e60b84f55d528bf1a3ee6612699282ed9e4460bb0a1879,t3_1sbf2k9,subreddit_post,,m2 | m3,,,,,,,low,"No explicit age, sex/gender, or location statements found in the post or comments",,,Germany,,medium,I'm in Germany so i couldnt find laboratory or doc who doesn't look at me like on crazy.,both_empty,pipeline_only,both_empty,both_empty,pipeline_only,llm_only,both_empty,both_empty,llm_only
87931f6e46a357f8e1bd04394a76900b29e0808444bc9d85ddd592a8be6f124e,t3_1sbga7h,subreddit_post,,,,,,,,,low,"No explicit demographic information about age, sex/gender, or location stated by the author in this post.",,male,,,medium,Multiple posts in r/askgaybros and r/gay discussing sexual encounters with men; consistent male perspective throughout posts,both_empty,both_empty,both_empty,both_empty,llm_only,both_empty,both_empty,llm_only,both_empty
bd0a710276e5d762d36f9460b633ecc5d944c3e93703534bea120dbd3459f0f0,t3_1sbgxza,subreddit_post,21,21f,,,21,female,,,high,"21F, I got long Covid in 2021",,female,,,medium,"References to periods, menstrual cycle, ovulating, and hormonal changes (estrogen/progesterone); uses 'Mum' (British English); refers to self as 'wimp' and feminine self-descriptors",agree,disagree,both_empty,pipeline_only,disagree,both_empty,pipeline_only,agree,both_empty
0da48d204e43a9fc71707cb2f6ad996b39c2e26e38c82827bbe4aa3090dbbf8d,t3_1sbh49e,subreddit_post,,,,,,,,,low,No explicit demographic statements found in post,,,,,low,"No explicit demographic statements found in any post. Author mentions long COVID symptoms and medical experiences but does not state age, gender, or location about themselves.",both_empty,both_empty,both_empty,both_empty,both_empty,both_empty,both_empty,both_empty,both_empty
d4508f6ddb804b0c2f9468812bd349aa5f81d11c654b2109ecf7f840e49a62d9,t3_1sbhvwp,subreddit_post,,,,from me,,,,,low,No explicit demographic information stated in posts,24,,Germany,,high,Now am 24 turning 25. I am a German university student. Posts in r/Braunschweig (German city),both_empty,both_empty,both_empty,llm_only,both_empty,llm_only,llm_only,both_empty,llm_only
2129b7afb392b18cc02055e1ada2dc23d391815f3b91bdb01f337e28ecb6414f,t3_1sbimjp,subreddit_post,,,,,,,,,low,Post body is [removed]; no extractable demographic information available,,,,,low,Post title and content do not contain explicit demographic statements about the author,both_empty,both_empty,both_empty,both_empty,both_empty,both_empty,both_empty,both_empty,both_empty
7f1769bada57bc39e2d59db694dcb6e1ea1533ab5b48b6a1c41f2f3d2785bbc1,t3_1sbip7w,subreddit_post,,,,,,,,,low,No explicit demographic statements found in posts,,,,,low,"No explicit demographic statements found. Author discusses POTS diagnosis from April 2023 and multiple COVID infections, but does not state age, gender, or location directly.",both_empty,both_empty,both_empty,both_empty,both_empty,both_empty,both_empty,both_empty,both_empty
b98973e25799ba65bf4e489e8380d1284bbaa7141318825f1fb1c982efa83ccf,t3_1sbiurs,subreddit_post,,,,,,,,,low,"No explicit demographic information about age, sex/gender, or location stated by the author in this post.",29,male,,,high,Me (29M) wondering if I'm overthinking a lot in my relationship with my GF (28F),both_empty,both_empty,both_empty,llm_only,llm_only,both_empty,llm_only,llm_only,both_empty
dc35fcaf47b378743d91f792191a216567602d03a1b41bd23ca2519b2a059068,t3_1sbj06n,subreddit_post,,,Netherlands,,,,Netherlands,,low,"Amazon.nl link (Dutch Amazon) suggests Netherlands location, but no explicit demographic statements",,male,Netherlands,,medium,"Links to Dutch websites (drogist.nl, amazon.nl); 'I have to deal with family life and kids'",both_empty,both_empty,agree,both_empty,llm_only,agree,both_empty,llm_only,agree
0164c37ef93bed8538e025bf29777c502a48d1cf7fd3c4ab89320df58b8c9fed,t3_1sbj36c,subreddit_post,,,,from me,,,,,low,"No explicit demographic statements about age, sex/gender, or location found in the posts. Author identifies as a long hauler and uses 'I' pronouns but provides no direct demographic data.",,male,,,high,I can still be a Present Father and Loving Husband; references to 'Wifey' and 'Kiddo',both_empty,both_empty,both_empty,both_empty,llm_only,both_empty,both_empty,llm_only,both_empty
b54064dff620f4c7fbfb716a5cc650407e23c01130d51d170eeb5106b4a7494c,t3_1sbka9b,subreddit_post,,,,,,,,,low,No explicit demographic information stated in post or comment,24,female,,,high,"Explicit statements: 'Despite being 23 years old' in one post, 'Is it bad that I still look like a teenager at 24' in another. Posts in r/blackgirls and r/Blackskincare confirm female identity.",both_empty,both_empty,both_empty,llm_only,llm_only,both_empty,llm_only,llm_only,both_empty
5f6c51fcd4806d23259b6fc90fb5ff247845ff8ec53cc6ae616716ed041253e1,t3_1sbksbk,subreddit_post,,,,,,,,,low,"No explicit demographic information about age, sex/gender, or location found in any posts or comments.",,,United States,,low,References to 'here' regarding wood fire cooking regulations and rain patterns; mentions 'I live in an area with a lot of rain'; no explicit age or gender stated,both_empty,both_empty,both_empty,both_empty,both_empty,llm_only,both_empty,both_empty,llm_only
5e8537c01404b22e221e5c6660db7da9f32cc3ee151d2f0b700c6bc3efbf9c0c,t3_1sbl0tc,subreddit_post,,,,,,,,,low,Post body removed; no extractable demographic information,,,,,low,No explicit demographic statements found in post title or visible content,both_empty,both_empty,both_empty,both_empty,both_empty,both_empty,both_empty,both_empty,both_empty
709016969c26c00e24aae48d1ddb6676c916ca5cc6182af38fbed3081c6b69ce,t3_1sblvx5,subreddit_post,,,,,,,,,low,No explicit demographic information provided in any posts or comments.,40,male,United States,OR,high,Mid-40s. Dude/male. Pacific Northwest. Posts in r/beaverton and r/oregon subreddits.,both_empty,both_empty,both_empty,llm_only,llm_only,llm_only,llm_only,llm_only,llm_only
fd3955920bd01d78b6218e4e9ec2cff62d1584ef6130f93ebd8804dd7de6e1d1,t3_1sbm1dp,subreddit_post,22,22m,,,22,male,,,high,22M,22,male,,,high,22M from r/covidlonghaulers post; also '21 y/o M' from r/Mononucleosis post (different time period),agree,disagree,both_empty,agree,disagree,both_empty,agree,agree,both_empty
84997450a1b1fe195ae783bd12eed1f5ce1236ea708ea046b6fb15c79e4c6c49,t3_1sbmxu1,subreddit_post,,,,,,,,,low,No explicit demographic statements found in posts or comments,,,,,parse_error,"JSON parse error: Expecting ',' delimiter: line 7 column 35 (char 157) | raw: {
  ""age"": 22,
  ""sex_gender"": ""female"",
  ""location_country"": ""Canada"",
  ""loca",both_empty,both_empty,both_empty,both_empty,both_empty,both_empty,both_empty,both_empty,both_empty
00c96a1e33683f1a0891167f14ed63877b45a81dbe8f3c1e05d69e70a149ac96,t3_1sbni0c,subreddit_post,,,,,,,,,low,No explicit demographic information stated in any post or comment,,female,United States,,medium,DeadBedrooms post uses female pronouns and describes female perspective; mentions U.S. business operations and California; no explicit age stated,both_empty,both_empty,both_empty,both_empty,llm_only,llm_only,both_empty,llm_only,llm_only
eb2b1dcea4f84a465f1dbcec934a6c06c1f54c28dc4e91d1c8b7ce4f446fee97,t3_1sbp3w4,subreddit_post,,,,,,female,,,medium,"Author mentions PCOS (polycystic ovary syndrome), which is a condition affecting people with female reproductive systems; consistent use of 'I' and personal health context supports this identification",,female,,,high,"References to 'yeast infections', 'lean PCOSer', and menstrual cycle ('luteal phase')",both_empty,llm_only,both_empty,both_empty,llm_only,both_empty,both_empty,agree,both_empty
283577109c092ecae29924c2ad37c6222607afafee5b58d9b9953558a7768c1a,t3_1sbpj6f,subreddit_post,49,,,,,,,,low,"No explicit demographic statements found in posts. References to personal health conditions and medications do not indicate age, gender, or location.",,female,,,medium,Referred to as 'She called me while I was driving' in Yale acceptance post; multiple posts in r/WomensHealth discussing uterine fibroids and fertility concerns,pipeline_only,both_empty,both_empty,pipeline_only,llm_only,both_empty,both_empty,llm_only,both_empty
7ea42cc8bbf893a7d016af56a81d42ea11f37c16e0a7e47571823c7bf34261b0,t3_1sbpx9l,subreddit_post,,,,,,female,,,low,"No explicit age, sex/gender, or location stated. Author mentions 'my country' twice but does not name it.",35,female,,,high,I am 35 and struggle every day. My stepfather tried to rape me. - indicates female victim of attempted sexual assault,both_empty,llm_only,both_empty,llm_only,llm_only,both_empty,llm_only,agree,both_empty
53e1f466520540694a59b7d1b4f0bd5fc94a9f1425c64f408ed4298738c644d1,t3_1sbqjmq,subreddit_post,,,,,,,,,low,Post body removed - no extractable demographic information available,,,,,low,No explicit demographic statements found in post title or visible content,both_empty,both_empty,both_empty,both_empty,both_empty,both_empty,both_empty,both_empty,both_empty
45cfb29b1e3dcd5d9894cce023e4bf8f90cc55a20cfad4133adb58a05e2b2dec,t3_1sbree5,subreddit_post,,,,in il,,,,,low,No explicit demographic information provided in any of the posts,,female,United Kingdom,,medium,"References to '£500', '£270', '£340ish' currency; 'shit dog mum' and female self-identification; mentions of 'my country' with reference to UK government healthcare",both_empty,both_empty,both_empty,both_empty,llm_only,llm_only,both_empty,llm_only,llm_only
d6d82e385ba34156f2f808bd244c07698c13428734f7a0ebc226b236deb8b2d2,t3_1sbt2ah,subreddit_post,,,,,,,,,low,No explicit demographic statements found in post or comment,,,United States,Kentucky,medium,Multiple posts reference 'Western KY' as author's location for birding observations,both_empty,both_empty,both_empty,both_empty,both_empty,llm_only,both_empty,both_empty,llm_only
496d762baa73589b17162ccfaced5a98142c376932d60dd12b7857f2f323ed0f,t3_1sbuktr,subreddit_post,,,,in me,,,,,low,No explicit demographic statements about the author found in the post,,,,,low,"No explicit demographic statements found. Author discusses Sudan activism and technical security topics but does not state their own age, gender, or location.",both_empty,both_empty,both_empty,both_empty,both_empty,both_empty,both_empty,both_empty,both_empty
b0b3deb024f0ee654adb82a5f5d2f77b8d90d67ffbda4da13af77350f229d481,t3_1sbumpm,subreddit_post,,,,,,,,,low,"Post contains no explicit demographic statements about the author's age, gender, or location.",,,,,low,No explicit demographic statements found in posts,both_empty,both_empty,both_empty,both_empty,both_empty,both_empty,both_empty,both_empty,both_empty
db55200c5d2c17fef650a01fa21b062e231ef53818b6759f96409802ba195fe8,t3_1sbx34k,subreddit_post,,,,,,,,,low,"No explicit demographic information stated about age, sex/gender, or location",,,United States,CA,high,Bakersfield C.A. mentioned in r/infuriatingasfuck post,both_empty,both_empty,both_empty,both_empty,both_empty,llm_only,both_empty,both_empty,llm_only
0f1765430999e52a53e6780ed1f27c46ff3d0f69c4bbc986fcf977530e6b9692,t3_1sbyrwv,subreddit_post,,,,,,,,,low,"No explicit demographic information stated about age, sex/gender, or location in this post",,,Canada,,medium,Multiple posts in r/vancouver and r/VancouverJobs subreddits; mentions 'Vancouver peeps' in vanhousing post,both_empty,both_empty,both_empty,both_empty,both_empty,llm_only,both_empty,both_empty,llm_only
379cd79536ddfab630a8a95ba1dda172b539a096d5527cdf9fec3a8043452738,t3_1sbyvmi,subreddit_post,,,,,,,,,low,Post is a news article link with no author demographic information provided in the post body,,,United States,MN,medium,Sought second opinion from MCAS physician in MN; Dr. Shanda Dorff referenced as their doctor,both_empty,both_empty,both_empty,both_empty,both_empty,llm_only,both_empty,both_empty,llm_only
e1ff8ea582a9b4b0fabf47d25827f0bbe3ce221afcca2201ee939ff82ccefe1a,t3_1sc3u27,subreddit_post,,,,,,,,,low,Post body is [removed]; no demographic information available,30,male,Germany,,high,"Im 30 M, symptoms and complications since Dec. 2023. Im from Germany.",both_empty,both_empty,both_empty,llm_only,llm_only,llm_only,llm_only,llm_only,llm_only
fab0e7c53a31d40d6db7cf9cf357c888391d62f36014a518463480d45ffbf859,t3_1sc4eja,subreddit_post,,,,,,,,,low,"No explicit demographic statements found. Post is written as a letter to self about long COVID experience but contains no direct age, gender, or location claims.",31,male,,,high,31 m (from post title) and 'Acute infection 24 months ago' with 'I'm 24 months into this',both_empty,both_empty,both_empty,llm_only,llm_only,both_empty,llm_only,llm_only,both_empty
b07b8c5333bcb75468c9a96c1abe760509d87a3bebc082207968143557443419,t3_1sc53fy,subreddit_post,,,,,,,,,low,No explicit demographic information provided in post,28,non-binary,United States,OR,high,"28NB LF Oregon peoples, nonbinary, Oregon location confirmed in multiple posts",both_empty,both_empty,both_empty,llm_only,llm_only,llm_only,llm_only,llm_only,llm_only
60d73a01fe805fca6cc1f7f80164263f2d5d689223c9d1a300a31ef236b7f923,t3_1sc5kd3,subreddit_post,,,,Tennessee,,,,,low,No explicit demographic information provided in post,,,,,low,"No explicit demographic statements found in any posts. Author mentions 'small height' and body image concerns, but these are not reliable demographic indicators.",both_empty,both_empty,both_empty,both_empty,both_empty,both_empty,both_empty,both_empty,both_empty
db4b520ad5c1f3e4cfcdaa49782eb0117a94cf7f7b4c5a9025f1b59aabc9fbb3,t3_1sc6tzy,subreddit_post,,,,,,,,,low,"No explicit demographic information stated about age, sex/gender, or location in the post.",20,,Netherlands,,high,Age: 'the only doctor I've mentioned this too insists that I'm too young(20)'. Location: 'cold environment(Netherlands)' and 'Weirdly enough I somehow think this has something to do with the cold envi,both_empty,both_empty,both_empty,llm_only,both_empty,llm_only,llm_only,both_empty,llm_only
68eed628aaf301c3892fad55e38e0f8b4ee2ce14411ff8546ae5533bbdd2c619,t3_1sc8knd,subreddit_post,,,,,,,,,low,No explicit demographic statements found in posts or comments,,female,United States,Midwest,medium,Refers to 'Hubby' (husband); mentions '(Midwest here.)' in post about local grocery stores,both_empty,both_empty,both_empty,both_empty,llm_only,llm_only,both_empty,llm_only,llm_only
b74bbd45fbec04868571d8ba64e7bc24c43564317facb90d5d07753944895984,t3_1sc8vqt,subreddit_post,,,,,,,,,low,"Post body is [removed], no demographic information available",,,,,low,No explicit demographic information stated in post,both_empty,both_empty,both_empty,both_empty,both_empty,both_empty,both_empty,both_empty,both_empty
4d9f2d7f838e7ab232dd3cc1e81b6b452b3ef553d26147f7a68a0b6d9454459f,t3_1sc8yxl,subreddit_post,30s | 18 | 30,female | male,,,,,,,low,"No explicit demographic statements found. Author discusses long COVID and research but does not state their own age, gender, or location.",,male,United Kingdom,,medium,"Posts about 'my partner' in AskGirls, multiple posts from SW UK (South West), Reddit history focused on UK topics",pipeline_only,pipeline_only,both_empty,pipeline_only,disagree,llm_only,both_empty,llm_only,llm_only
ef0925a84150f6b7d85d19b0919fe56aba9d89f03168e8f440fbb40315e60195,t3_1sca8r6,subreddit_post,,,,,,,,,low,No explicit demographic information provided in posts,,,,,low,"Author states '6'4' height multiple times and male pronouns used by others in replies, but author never explicitly states age, gender, or location",both_empty,both_empty,both_empty,both_empty,both_empty,both_empty,both_empty,both_empty,both_empty
7419b56317cc960ff7f441dcb2bfbd19b8865cb6245412d10949d78ce0f55ec1,t3_1scd2px,subreddit_post,,,,,,female,,,low,"Title 'Long Covid Mums' suggests female author, but post body is removed so cannot verify directly",,female,,,medium,"Title references 'Long Covid Mums' and author discusses being a mother with long COVID, indicating female gender",both_empty,llm_only,both_empty,both_empty,llm_only,both_empty,both_empty,agree,both_empty
ef0925a84150f6b7d85d19b0919fe56aba9d89f03168e8f440fbb40315e60195,t3_1scg3z5,subreddit_post,,,,,,,,,low,No explicit demographic information provided in posts,,,,,low,"Author states '6'4' height multiple times and male pronouns used by others in replies, but author never explicitly states age, gender, or location",both_empty,both_empty,both_empty,both_empty,both_empty,both_empty,both_empty,both_empty,both_empty
11b0d1debeb8bc29131df4188cd59ba3e500831168bb5287e3c9c4245c8526a1,t3_1sch58i,subreddit_post,,,,,,,,,low,"Author states 'I am disabled/CC myself' but provides no explicit age, gender, or location information about themselves.",,,France,,low,"Posts in r/paris asking about wheelchair access at La Defense Arena in Paris; uses French language ('Salut', 'Merci'); also posts about NYC film production suggesting possible travel/work in US",both_empty,both_empty,both_empty,both_empty,both_empty,llm_only,both_empty,both_empty,llm_only
45dea8b4974e1ac6a7adeb976f60ea8ab6fddf3e9e13759c4ef5d7b053b90b57,t3_1scha95,subreddit_post,,,,,,,,,low,"No explicit age, gender, or location statements found in the provided posts.",,,United Kingdom,,high,"Multiple posts in UK-specific subreddits (r/SkincareAddictionUK, r/MakeUpAddictionUK, r/HouseplantsUK), mentioned 'Ireland' as running location, and post from 'derry~londonderry station, northern irel",both_empty,both_empty,both_empty,both_empty,both_empty,llm_only,both_empty,both_empty,llm_only
0d94552ca81feec84fea81f2b58554e074a3403d2483fb8f17998510848237be,t3_1schlm7,subreddit_post,,,,,,,,,low,"Post body is [removed], no extractable demographic information available",,,,,low,Post contains no explicit demographic statements about the author,both_empty,both_empty,both_empty,both_empty,both_empty,both_empty,both_empty,both_empty,both_empty
1dbdb1d70cf95245c35561f4e69c6db8db5504bb11ab20d205d6ce14fd05bead,t3_1sci8aq,subreddit_post,,,,,,,,,low,No explicit demographic statements found in post,19,male,United States,Iowa,high,19 [M4R] Central Iowa - Stoner Vegan Pansexual looking for anything from FWB to LTR,both_empty,both_empty,both_empty,llm_only,llm_only,llm_only,llm_only,llm_only,llm_only
663a116df03af3ff506878e195b55dd23b5d5977571db1211742a84a0c1f3a1d,t3_1scls2u,subreddit_post,,,,,,,,,low,No explicit demographic information provided in post,,,,,low,"No explicit demographic statements found in any posts. Author discusses gaming, shows interest in varied topics, but provides no direct self-identification of age, gender, or location.",both_empty,both_empty,both_empty,both_empty,both_empty,both_empty,both_empty,both_empty,both_empty
cbca0eb5fd8887160a0d376561166b6f8bd509279854ffc9134e16a52315f9e3,t3_1scmc5k,subreddit_post,,,,,,,,,low,"No explicit demographic information stated about age, sex/gender, or location in this post",,female,Poland,,high,"Author states 'my boyfriend was babysitting me' (female); asks 'Polish folks, are you here?' and mentions ZUS (Polish benefits system), indicating Poland as location",both_empty,both_empty,both_empty,both_empty,llm_only,llm_only,both_empty,llm_only,llm_only
2f9ddfa147cad10ba80b1adcec6b4c619c477307a9bb10e5fcb1f0d5d45d9ea6,t3_1scmrpf,subreddit_post,,male,,,,male,,,medium,"Author refers to 'my wife' and uses male pronouns implicitly through context, though not explicitly stated",,,,,low,"No explicit demographic statements about age, sex/gender, or location found in posts",both_empty,agree,both_empty,both_empty,pipeline_only,both_empty,both_empty,pipeline_only,both_empty
a9941f8e5a0b340cad51f9d065c18c7e36d06e243f3a76737b9fcd5880a65dfb,t3_1sco381,subreddit_post,,,,,,,,,low,Post body is [removed]; no demographic information available,,,Brazil,,low,"Posts written entirely in Portuguese with Portuguese spelling ('estou' instead of 'estoy'), strongly suggests Brazilian author, but no explicit location statement",both_empty,both_empty,both_empty,both_empty,both_empty,llm_only,both_empty,both_empty,llm_only
f36fc2ba9b037badcfe9af058b3a997a5f780a284b3a5fd207e513a203a677c0,t3_1scoabd,subreddit_post,,,,,,,,,low,No explicit demographic statements found in posts or comments,,,United States,NC,medium,Found salamander 'near the western border of NC' and frog 'in North Carolina near the Smoky Mountains',both_empty,both_empty,both_empty,both_empty,both_empty,llm_only,both_empty,both_empty,llm_only
4945f551d7ba3bc8ad8275f0e180ad16e51ce89f81ca4ed0d6f6e85b80055f25,t3_1scoxzu,subreddit_post,,,,,,,United States,,low,"College student at US school with disability center; no explicit age, gender, or state mentioned",,,United States,Minnesota,medium,Posts in r/uofmn (University of Minnesota) and mentions 'UofM Law School' and 'UMN' multiple times as their school,both_empty,both_empty,llm_only,both_empty,both_empty,llm_only,both_empty,both_empty,agree
4945f551d7ba3bc8ad8275f0e180ad16e51ce89f81ca4ed0d6f6e85b80055f25,t3_1scp1om,subreddit_post,,,,,,,United States,,low,"College student at US school with disability center; no explicit age, gender, or state mentioned",,,United States,Minnesota,medium,Posts in r/uofmn (University of Minnesota) and mentions 'UofM Law School' and 'UMN' multiple times as their school,both_empty,both_empty,llm_only,both_empty,both_empty,llm_only,both_empty,both_empty,agree
70925b6b2c9f871bc360c0cc317e0c2be3a7e4d3c805c57407da0e5bc2303269,t3_1scpjev,subreddit_post,,,,in me,,,,,low,"No direct demographic statements about the author found in the post. Author discusses clinical trial results but does not state personal age, gender, or location.",32,female,United States,NC,high,I am a 32 year old female... I'm in NC.,both_empty,both_empty,both_empty,llm_only,llm_only,llm_only,llm_only,llm_only,llm_only
013fe625e81688b2fa97716209b03a63fd4b08b428bc14e9d74f4d1b00bcd4b3,t3_1scppls,subreddit_post,,,,,,,,,low,No explicit demographic information stated in post,,,,,low,"No explicit demographic statements found in any posts. Author asks questions about various topics but does not state age, gender, or location about themselves.",both_empty,both_empty,both_empty,both_empty,both_empty,both_empty,both_empty,both_empty,both_empty
704f1a815ebea257ead31619756a1475a292bed79192bc8798036aa8241a5bea,t3_1scpqkd,subreddit_post,,,,,,,,,low,Author states 'not in US' but no specific country or other demographics explicitly stated,,female,,,medium,Self-describes as 'a small young woman' and uses female pronouns throughout; appears to be younger than neighbor in 40s,both_empty,both_empty,both_empty,both_empty,llm_only,both_empty,both_empty,llm_only,both_empty
704f1a815ebea257ead31619756a1475a292bed79192bc8798036aa8241a5bea,t3_1scq0nd,subreddit_post,,,,,,,,,low,Author states 'not in US' but no specific country or other demographics explicitly stated,,female,,,medium,Self-describes as 'a small young woman' and uses female pronouns throughout; appears to be younger than neighbor in 40s,both_empty,both_empty,both_empty,both_empty,llm_only,both_empty,both_empty,llm_only,both_empty
43b5f11f655ad63b968dc58a073a89a1b5d15b1268d40a099eb797e1f2e5185a,t3_1scq2ks,subreddit_post,,,,,,,,,low,No explicit demographic statements found in the posts provided.,17,female,,,high,(17F) from r/insaneparents post title,both_empty,both_empty,both_empty,llm_only,llm_only,both_empty,llm_only,llm_only,both_empty
92b348b0032c436613152ca0aff2397393ea85f3432fc8278812a18b2e41b232,t3_1scqn1f,subreddit_post,,,,in me,,,,,low,"No demographic information stated directly about age, sex/gender, or location in this post.",30,male,United States,MT,high,Age: 'Male. 30s' from AskDocs post. Sex/Gender: 'Male' from AskDocs post and multiple gay subreddit posts. Location: Multiple posts in r/Bozeman subreddit asking about long COVID and local activities ,both_empty,both_empty,both_empty,llm_only,llm_only,llm_only,llm_only,llm_only,llm_only
0b282246ba17e92ee7a4e89c95753563b2718544cc446cf0f0744f6f1dba2104,t3_1scqprg,subreddit_post,,,,,,,,,low,No demographic information stated directly by author about themselves,25,male,United States,,high,I've (25M) been long hauling since my third dose of the Moderna vaccine in 2022,both_empty,both_empty,both_empty,llm_only,llm_only,llm_only,llm_only,llm_only,llm_only
